{"cameraMode":{"drawMode":0,"name":"Shaded","section":"Shading Mode"},"sceneLighting":true,"audioPlay":false,"sceneViewState":{"showFog":true,"showMaterialUpdate":false,"showSkybox":true,"showFlares":true,"showImageEffects":true,"showParticleSystems":true,"showVisualEffectGraphs":true,"m_FxEnabled":true},"in2DMode":false,"pivot":{"x":2.8108315467834474,"y":-13.107499122619629,"z":-0.5629181861877441},"rotation":{"x":-0.04496173560619354,"y":-0.4804612994194031,"z":0.024673938751220704,"w":-0.8755152225494385},"size":5.267379283905029,"orthographic":false}