{"cameraMode":{"drawMode":0,"name":"Shaded","section":"Shading Mode"},"sceneLighting":true,"audioPlay":false,"sceneViewState":{"showFog":true,"showMaterialUpdate":false,"showSkybox":true,"showFlares":true,"showImageEffects":true,"showParticleSystems":true,"showVisualEffectGraphs":true,"m_FxEnabled":true},"in2DMode":false,"pivot":{"x":11.207271575927735,"y":-7.901806831359863,"z":19.660175323486329},"rotation":{"x":0.021890945732593538,"y":-0.16362814605236054,"z":-0.0036221682094037534,"w":-0.9862860441207886},"size":22.494388580322267,"orthographic":false}