{"cameraMode":{"drawMode":0,"name":"Shaded","section":"Shading Mode"},"sceneLighting":true,"audioPlay":false,"sceneViewState":{"showFog":true,"showMaterialUpdate":false,"showSkybox":true,"showFlares":true,"showImageEffects":true,"showParticleSystems":true,"showVisualEffectGraphs":true,"m_FxEnabled":true},"in2DMode":false,"pivot":{"x":11.700602531433106,"y":-8.590167999267579,"z":19.684741973876954},"rotation":{"x":0.00861415360122919,"y":-0.13251091539859773,"z":-0.0011464726412668825,"w":-0.9911551475524902},"size":21.74500846862793,"orthographic":false}