{"cameraMode":{"drawMode":0,"name":"Shaded","section":"Shading Mode"},"sceneLighting":true,"audioPlay":false,"sceneViewState":{"showFog":true,"showMaterialUpdate":false,"showSkybox":true,"showFlares":true,"showImageEffects":true,"showParticleSystems":true,"showVisualEffectGraphs":true,"m_FxEnabled":true},"in2DMode":false,"pivot":{"x":10.927492141723633,"y":-3.834819793701172,"z":-4.859407424926758},"rotation":{"x":-0.07587932795286179,"y":-0.14840923249721528,"z":0.011427554301917553,"w":-0.9859492182731628},"size":16.063947677612306,"orthographic":false}